,BASO,CMP,EOS,ERY,GMP,GRAN,HSC,MEGA,MEP,MONO,PREB
Lin-_1,0.0,0.0125,0.0028000000000000004,0.34979999999999994,0.051500000000000004,0.0204,0.25730000000000003,0.0279,0.2683,0.009300000000000001,0.0002
Lin-_2,0.0,0.0125,0.0028000000000000004,0.34979999999999994,0.051500000000000004,0.0204,0.25730000000000003,0.0279,0.2683,0.009300000000000001,0.0002
MNC_1,0.0,0.0,0.0103,0.1637,0.0012,0.6997,0.0105,0.0137,0.0177,0.061900000000000004,0.0213
MNC_2,0.0,0.0,0.0103,0.1637,0.0012,0.6997,0.0105,0.0137,0.0177,0.061900000000000004,0.0213
