,B_cell,CD4_Tcell,CD8_Tcell,Neutrophil,Macrophage,Dendritic
TCGA-05-4244-01,0.275968235,0.08549245,0,0.074873569,0.02523829,0.538427456
TCGA-05-4249-01,0.20147762,0.086266396,0,0.101928455,0.000797587,0.609529942
TCGA-05-4250-01,0.116864304,0.176625695,0,0.000175664,0.104590879,0.601743458
TCGA-05-4382-01,0.201788853,0.030187719,0,0.012668495,0.141534593,0.613820339
TCGA-05-4384-01,0.083246045,0.134281902,0,0.044742033,0.031984004,0.705746016
