,B_cell,CD4_Tcell,CD8_Tcell,Neutrophil,Macrophage,Dendritic
TCGA-05-4244-01,0.028166447,0.077322296,0.120728284,0.106415535,0,0.458671907
TCGA-05-4249-01,0.218798758,0.196959795,0.06274454,0.125752906,0.049058288,0.663162485
TCGA-05-4250-01,0,0.067973946,0.349545335,0.163459901,0.116668879,0.481527199
TCGA-05-4382-01,0.192128064,0.107726278,0.135119381,0.2065151,0.267688566,0.809559944
TCGA-05-4384-01,0,0.103854066,0.135248843,0.082239058,0.175211725,0.353914976
