,mix0,mix1,mix2,mix3,mix4,mix5,mix6,mix7,mix8,mix9,mix10,mix11,mix12,mix13,mix14,mix15,mix16,mix17,mix18,mix19
naive.B.cells,0.352071273,0.153536227,0.180046708,0.404459182,0.117135979,0.273562373,0.093130564,0.056741522,0.036756821,0.323472634,0.030595723,0.251711315,0.034055077,0.096783612,0.059653544,0.233829328,0.026726714,0.07627549,0.093531041,0.17144322
monocytes,0.00510988,0.007720693,0.138300736,0.126829225,0.069760404,0.11653122,0.08215361,0.033801765,0.048664389,0.135599692,0.040563559,0.249515472,0.058564761,0.003183763,0.113137719,0.044254362,0.133738878,0.193268665,0.1381465,0.165348449
naive.CD4.T.cells,0.299227804,0.353811736,0.075727124,0.022611501,0.349570651,0.156578296,0.02673739,0.214142582,0.127492827,0.115519963,0.344836709,0.019660337,0.091485466,0.103160843,0.015485393,0.156816381,0.109915686,0.096435358,0.18398308,0.140874012
naive.CD8.T.cells,0.155608998,0.020066676,0.005197617,0.076847777,0.048304265,0.07624672,0.114533294,0.341251216,0.138545356,0.120830577,0.103907317,0.156422054,0.157471319,0.113649727,0.140708778,0.216629808,0.313462113,0.133590889,0.009800104,0.040347137
neutrophils,0.02723581,0.001624731,0.244349737,0.125934681,0.045321046,0.100944585,0.26202977,0.153608749,0.285264047,0.020444006,0.028487631,0.054496802,0.081236215,0.186063063,0.177023225,0.062698375,0.105084619,0.043168177,0.163291481,0.027786894
NK.cells,0.152393112,0.003725611,0.028834257,0.019630469,0.062953804,0.024703152,0.055595606,0.037550276,0.080074633,0.059944903,0.030359269,0.090397109,0.368389566,0.175352704,0.339101771,0.128792329,0.18862452,0.072071875,0.326513828,0.031205758
memory.CD4.T.cells,0.005029026,0.357768057,0.226972834,0.130417345,0.003529593,0.141313669,0.20724597,0.09739353,0.184667744,0.199171646,0.029742997,0.046669461,0.111001748,0.04397099,0.069877014,0.100873025,0.09562231,0.343799742,0.002538859,0.350908765
myeloid.dendritic.cells,0.003324097,0.101746269,0.100570986,0.09326982,0.303424258,0.110119985,0.158573796,0.065510361,0.098534182,0.025016578,0.391506795,0.13112745,0.097795846,0.277835297,0.085012555,0.056106392,0.026825159,0.041389804,0.082195108,0.072085766
