,mix0,mix1,mix2,mix3,mix4,mix5,mix6,mix7,mix8,mix9,mix10,mix11,mix12,mix13,mix14,mix15,mix16,mix17,mix18,mix19
memory.CD8.T.cells,0.38642001630805367,0.40839670510055376,0.40063899868527697,0.2404584455862206,0.7013864698138648,0.8562489496361883,0.9991417982810377,0.028269978696885748,0.9519988358113679,0.669185803601785,0.7853122916084493,0.4781925052351588,0.6862575598341173,0.6666759656447285,0.5267317225223507,0.6900188304352036,0.9079892277397483,0.2083929279472538,0.33016532954419126,0.2567972398482423
naive.CD8.T.cells,0.6135799836919463,0.5916032948994463,0.5993610013147231,0.7595415544137794,0.29861353018613535,0.14375105036381172,0.0008582017189622829,0.9717300213031141,0.04800116418863211,0.330814196398215,0.21468770839155066,0.5218074947648411,0.3137424401658826,0.3333240343552716,0.47326827747764927,0.3099811695647963,0.09201077226025162,0.7916070720527462,0.6698346704558088,0.7432027601517576
