,mix0,mix1,mix2,mix3,mix4,mix5,mix6,mix7,mix8,mix9,mix10,mix11,mix12,mix13,mix14,mix15,mix16,mix17
regulatory.T.cells,0.201405354,0.034170655,0.001857847,0.021477152,0.07023177,0.25400413,0.267113467,0.005588208,0.064140174,0.070113115,0.280616799,0.084477574,0.074631317,0.304566157,0.095937607,0.242664939,0.17353634,0.364535128
memory.B.cells,0.035757308,0.400706315,0.026868639,0.045929198,0.106798669,0.098331284,0.053383204,0.15116668,0.267517088,0.070823727,0.005376585,0.17443062,0.078069739,0.101088748,0.090643728,0.064315583,0.109303695,0.039892242
naive.B.cells,0.078921261,0.002972944,0.067893012,0.113205058,0.033911363,0.060771911,0.037909388,0.09959594,0.097394689,0.16356963,0.124445195,0.219911912,0.285300133,0.111767431,0.02287546,0.016591835,0.096641299,0.002648056
naive.CD4.T.cells,0.097096078,0.115908834,0.133319946,0.10971818,0.290484314,0.026426891,0.229757241,0.559721145,0.027909295,0.04007166,0.137154158,0.156890949,0.197779306,0.132433926,0.204495343,0.105354197,0.261085067,0.050369025
memory.CD4.T.cells,0.056707433,0.030564664,0.240468531,0.070240782,0.187856782,0.075497168,0.246027002,0.111431181,0.39835193,0.137087682,0.036813422,0.059378257,0.024305648,0.045009081,0.232280276,0.005568278,0.005479631,0.161731417
monocytes,0.021996608,0.284496054,0.151174672,0.025714429,0.059083654,0.140581684,0.038712244,0.009986021,0.010318892,0.094937543,0.045819661,0.007252072,0.190962096,0.117887311,0.241920527,0.15436808,0.126668367,0.009430515
naive.CD8.T.cells,0.315380442,0.016677849,0.28293304,0.288883766,0.108186941,0.324877409,0.046343017,0.020361016,0.107904175,0.383063462,0.157336651,0.257166904,0.049490943,0.03394383,0.062866246,0.280078772,0.208604821,0.063731839
endothelial.cells,0.192735516,0.114502686,0.095484314,0.324831435,0.143446507,0.019509523,0.080754437,0.042149809,0.026463757,0.04033318,0.212437529,0.040491711,0.099460817,0.153303516,0.048980812,0.131058317,0.018680781,0.307661778
