,mix0,mix1,mix2,mix3,mix4,mix5,mix6,mix7,mix8,mix9,mix10,mix11,mix12,mix13,mix14,mix15,mix16,mix17,mix18,mix19
memory.B.cells,0.068350771,0.389798486,0.389873526,0.347734895,0.299228037,0.555581847,0.747219988,0.027054703,0.289280425,0.038692276,0.096806015,0.200318424,0.624631017,0.01902875,0.665760673,0.058170241,0.651038653,0.757393595,0.683640119,0.38564189
naive.B.cells,0.216654416,0.010805362,0.132401876,0.562333371,0.315171568,0.230030969,0.245210918,0.960155268,0.138555467,0.473830859,0.721555402,0.782999699,0.330208638,0.536463948,0.274103994,0.607675773,0.13946906,0.223359817,0.155466344,0.434298593
