,mix0,mix1,mix2,mix3,mix4,mix5,mix6,mix7,mix8,mix9,mix10,mix11,mix12,mix13,mix14,mix15,mix16,mix17,mix18,mix19
naive.B.cells,0.251489197,0.30636017,0.114523461,0.117675731,0.115123739,0.006254676,0.036415145,0.420962322,0.228092999,0.071701292,0.453487867,0.047631593,0.003449826,0.038425426,0.251800988,0.011520922,0.056515575,0.049920008,0.13163445,0.116206437
neutrophils,0.194732542,0.059172298,0.229460518,0.109661286,0.103327782,0.258940937,0.081355659,0.238197516,0.253609804,0.250109646,0.109907982,0.06016649,0.168038462,0.15641298,0.011567757,0.310656368,0.107423414,0.293304751,0.037318191,0.032732078
regulatory.T.cells,0.0001,0.0001,0.0001,0.0001,0.0001,0.0001,0.0001,0.0001,0.0001,0.0001,0.0001,0.0001,0.0001,0.0001,0.0001,0.0001,0.0001,0.0001,0.0001,0.0001
NK.cells,0.031093494,0.015664912,0.172994409,0.010276605,0.579850798,0.355963288,0.036336933,0.016297305,0.04241695,0.068917613,0.006104977,0.294456274,0.029422296,0.027217221,0.095301219,0.043894335,0.414036156,0.091114656,0.138057144,0.116047401
memory.CD4.T.cells,0.233515271,0.36575488,0.20934903,0.460737101,0.049389469,0.152068695,0.086090206,0.019996407,0.174136633,0.21768006,0.094226995,0.267268794,0.249594151,0.177692016,0.332906485,0.318338602,0.015754274,0.110636598,0.550799102,0.363827872
myeloid.dendritic.cells,0.254519087,0.135880393,0.224158279,0.215981793,0.145949052,0.089355093,0.462991491,0.199531443,0.130567839,0.050999895,0.101577794,0.054552517,0.527167402,0.409494868,0.273662614,0.02626995,0.075972689,0.361023295,0.118799858,0.097851548
macrophages,0.034650409,0.117167347,0.049514302,0.085667483,0.006359161,0.13741731,0.296810566,0.105015006,0.171175774,0.340591494,0.234694384,0.275924331,0.022327863,0.19075749,0.034760937,0.289319823,0.330297892,0.094000693,0.023391256,0.273334664
