,mix0,mix1,mix2,mix3,mix4,mix5,mix6,mix7,mix8,mix9,mix10,mix11,mix12,mix13,mix14,mix15,mix16,mix17,mix18,mix19
B.cells,0.188473118,0.101217517,0.107715033,0.012187713,0.205642734,0.309139746,0.056342538,0.328777939,0.014362023,0.327968134,0.388234044,0.153232508,0.38721611,0.419047882,0.170193669,0.191068652,0.043437803,0.019935323,0.14571829,0.099240096
CD4.T.cells,0.038483127,0.162420564,0.014059081,0.010513908,0.38793291,0.146104599,0.151655481,0.085822849,0.039144596,0.019429589,0.301186934,0.466306492,0.234745671,0.248759538,0.132870643,0.026967948,0.032130587,0.182932756,0.180660486,0.1330054
CD8.T.cells,0.278743003,0.079663993,0.371010809,0.395008659,0.234215131,0.193728355,0.343802152,0.078556371,0.009958337,0.079790111,0.015041601,0.049762844,0.008738253,0.000773232,0.400267907,0.218543258,0.069386118,0.313185942,0.199595133,0.070750805
NK.cells,0.051749031,0.177733343,0.032254934,0.11300854,0.018173823,0.268259555,0.265512927,0.046106231,0.544196435,0.172399878,0.086081799,0.037430561,0.135386054,0.015804887,0.220897451,0.106826974,0.360956084,0.280790123,0.12747857,0.087229226
neutrophils,0.011761433,0.138609468,0.264787219,0.399829531,0.122773686,0.004299278,0.071123828,0.328888709,0.164144475,0.14703253,0.05894988,0.042732485,0.143695565,0.003725519,0.017566532,0.357971518,0.217570697,0.128673839,0.047673811,0.241523044
monocytic.lineage,0.430790289,0.340355116,0.210172924,0.069451649,0.031261717,0.078468469,0.111563074,0.131847901,0.228194134,0.253379759,0.150505743,0.25053511,0.090218348,0.311888943,0.058203797,0.09862165,0.276518712,0.074482016,0.29887371,0.368251431
