,mix0,mix1,mix2,mix3,mix4,mix5,mix6,mix7,mix8,mix9,mix10,mix11,mix12,mix13,mix14,mix15,mix16,mix17,mix18,mix19
B.cells,0.216247113,0.014285996,0.593387727,0.166072031,0.339193502,0.258218343,0.01386386,0.31532345,0.022918474,0.027017683,0.04005761,0.011747993,0.365280862,0.028987903,0.09564008,0.212551135,0.143679121,0.080311909,0.540512772,0.160522442
CD4.T.cells,0.035480255,0.094209673,0.233321627,0.225859753,0.101733087,0.155625682,0.386613651,0.253045135,0.008797714,0.041717178,0.215069456,0.244569366,0.073598506,0.026900579,0.326693777,0.15104911,0.034845133,0.424089117,0.017572188,0.181407537
CD8.T.cells,0.079425396,0.246978015,0.025960056,0.152297675,0.363426121,0.162461781,0.043299151,0.176707735,0.433861415,0.022363238,0.255717192,0.235727718,0.029869138,0.348019434,0.062571518,0.271916484,0.239342132,0.08203672,0.135466822,0.027220688
monocytic.lineage,0.065666725,0.063676371,0.099574505,0.205450268,0.063735153,0.01251782,0.063295539,0.023728912,0.099815051,0.07260081,0.025065445,0.019707448,0.178538386,0.393505111,0.386711084,0.018260736,0.272409106,0.057768483,0.096665335,0.232036972
neutrophils,0.148136,0.261800834,0.034413791,0.09743939,0.100337008,0.183906999,0.377898017,0.061872409,0.229550803,0.616085284,0.235305265,0.280836878,0.205908096,0.125643511,0.06017545,0.167322671,0.059261562,0.250300672,0.119230198,0.200723161
NK.cells,0.455044512,0.319049111,0.013342294,0.152880882,0.03157513,0.227269375,0.115029783,0.169322359,0.205056543,0.220215807,0.228785032,0.207410597,0.146805012,0.076943462,0.068208092,0.178899865,0.250462946,0.105493098,0.090552685,0.1980892
