,mix0,mix1,mix2,mix3,mix4,mix5,mix6,mix7,mix8,mix9,mix10,mix11,mix12,mix13,mix14,mix15,mix16,mix17,mix18,mix19
CD4.T.cells,0.038907187,0.075247257,0.10829972,0.039914971,0.297611308,0.276039934,0.014090663,0.059298359,0.147969322,0.122513932,0.161590435,0.341282013,0.248388553,0.010596076,0.146854306,0.638971488,0.123914134,0.083971058,0.078596827,0.249164568
CD8.T.cells,0.145002935,0.337316283,0.306076474,0.18636441,0.154524054,0.050675098,0.250190535,0.136924128,0.288257991,0.53416809,0.008199211,0.274792421,0.110278227,0.174611785,0.101894993,0.066931861,0.014995359,0.156488452,0.10014336,0.097881414
monocytic.lineage,0.476892519,0.13721096,0.201944758,0.383478808,0.30180791,0.270700983,0.103361852,0.462782503,0.205843672,0.085318261,0.132774608,0.011009852,0.359884915,0.163957042,0.378426036,0.034794489,0.055927201,0.144818321,0.084080135,0.042555877
neutrophils,0.202465631,0.060881721,0.176358987,0.232737169,0.056943937,0.100520627,0.325635866,0.024115376,0.066388572,0.02589521,0.197982369,0.156801171,0.075375554,0.228927425,0.013600367,0.010523512,0.089204261,0.545326203,0.016119023,0.348970264
B.cells,0.091581241,0.249255623,0.022056808,0.01562515,0.009327716,0.293939744,0.196900168,0.16142816,0.019831603,0.21479818,0.107225093,0.143532484,0.156171312,0.02208564,0.141960598,0.184088604,0.385260949,0.04509253,0.471749448,0.187409011
NK.cells,0.045150488,0.140088156,0.185263252,0.141879492,0.179785075,0.008123614,0.109820916,0.155451474,0.271708841,0.017306326,0.392228283,0.072582059,0.049901439,0.399822033,0.2172637,0.064690047,0.330698096,0.024303436,0.249311207,0.074018866
