,mix0,mix1,mix2,mix3,mix4,mix5,mix6,mix7,mix8,mix9,mix10,mix11,mix12,mix13,mix14,mix15,mix16,mix17,mix18,mix19
myeloid.dendritic.cells,0.297478141,0.015436972,0.154871203,0.008666861,0.107533159,0.050413936,0.605046593,0.129925952,0.209315662,0.21283344,0.234509432,0.128411973,0.254045725,0.072789869,0.02046385,0.349678945,0.173078197,0.008713563,0.161529429,0.124675713
macrophages,0.170575081,0.313372469,0.129812566,0.43844626,0.032318707,0.255829108,0.091315334,0.256671757,0.157627516,0.236090271,0.064206646,0.119756871,0.050027592,0.386263334,0.357062918,0.003084581,0.224511241,0.530181834,0.052579268,0.303329491
naive.CD4.T.cells,0.074667236,0.185305048,0.120564264,0.329177374,0.120530586,0.498165811,0.144000983,0.472326778,0.023037607,0.245551669,0.032733056,0.033252595,0.332719223,0.069504968,0.110934856,0.199798745,0.216918402,0.079514125,0.550432022,0.030118177
naive.CD8.T.cells,0.100658636,0.1839853,0.259223922,0.03764362,0.343373673,0.084830809,0.114032454,0.069193689,0.231893986,0.030760818,0.047138287,0.056515513,0.09923964,0.163431019,0.074909329,0.023900224,0.170330624,0.170530651,0.0718142,0.357835073
naive.B.cells,0.199790229,0.037001118,0.279348124,0.043477962,0.178550286,0.017066174,0.020182699,0.01005682,0.230814399,0.273387372,0.468741599,0.157132504,0.11743305,0.00868743,0.329562746,0.34970531,0.186247447,0.209288989,0.024681938,0.095991473
NK.cells,0.156830678,0.264899092,0.056179922,0.142587924,0.217693588,0.093694162,0.025421936,0.061825004,0.14731083,0.001376429,0.152670981,0.504930543,0.146534768,0.299323381,0.107066301,0.073832195,0.02891409,0.001770839,0.138963143,0.088050074
