,mix0,mix1,mix2,mix3,mix4,mix5,mix6,mix7,mix8,mix9,mix10,mix11,mix12,mix13,mix14,mix15,mix16,mix17,mix18,mix19
naive.CD4.T.cells,0.9323989106056587,0.09666667928621665,0.5502036262748428,0.32619886632729134,0.539379222537071,0.1517381918524138,0.2998655133420177,0.21345961386572054,0.09349153948975106,0.5439245793315338,0.4551868735250149,0.21812973787718382,0.23092738392144208,0.3630394749110883,0.11390328871318528,0.25355485699478975,0.04751796881672546,0.24204705844153854,0.03140898789563821,0.02584821634902596
memory.CD4.T.cells,0.012257945195217591,0.37794791076819545,0.19727185228593566,0.16942231961312362,0.05545107808110959,0.3550617728507863,0.45170888078818244,0.7563570493987057,0.28921284210559633,0.38116894959290193,0.30425025597880534,0.7316170334649358,0.17198006006252511,0.06002130529743141,0.8070386670144203,0.3966182594841066,0.46199289412439004,0.6041856002604197,0.8832543081449438,0.06635620231729841
regulatory.T.cells,0.05534314419912373,0.5253854099455879,0.2525245214392216,0.504378814059585,0.4051696993818194,0.49320003529679995,0.24842560586979975,0.030183336735573708,0.6172956184046525,0.07490647107556447,0.24056287049617975,0.05025322865788044,0.5970925560160328,0.5769392197914802,0.07905804427239436,0.34982688352110375,0.4904891370588846,0.1537673412980419,0.08533670395941799,0.9077955813336757
