,mix0,mix1,mix2,mix3,mix4,mix5,mix6,mix7,mix8,mix9,mix10,mix11,mix12,mix13,mix14,mix15,mix16,mix17,mix18,mix19
memory.CD8.T.cells,0.36478490888838466,0.18960714724977287,0.5324639470597666,0.6321449873928369,0.4945562379344493,0.00830608114439916,0.834355274069359,0.5843645634037198,0.4990375978576486,0.5982759663458104,0.3954496220982199,0.6219173712181008,0.9682161216587989,0.23317277642851966,0.6476815226678813,0.2522742346145186,0.7962944786718827,0.13468451225710806,0.7933530061769741,0.1154881075967885
naive.CD8.T.cells,0.6352150911116152,0.8103928527502272,0.46753605294023337,0.3678550126071631,0.5054437620655508,0.9916939188556009,0.165644725930641,0.41563543659628016,0.5009624021423514,0.40172403365418946,0.6045503779017802,0.37808262878189935,0.03178387834120111,0.7668272235714803,0.35231847733211863,0.7477257653854814,0.20370552132811726,0.865315487742892,0.20664699382302598,0.8845118924032115
