,mix0,mix1,mix2,mix3,mix4,mix5,mix6,mix7,mix8,mix9,mix10,mix11,mix12,mix13,mix14,mix15,mix16,mix17,mix18,mix19
B.cells,0.029290251,0.006188328,0.029044073,0.172783581,0.512420722,0.099262978,0.012614751,0.044062466,0.1359355,0.109335171,0.304858857,0.089833593,0.057235194,0.027300353,0.086591332,0.237298588,0.004947952,0.189782729,0.403129452,0.287641478
CD4.T.cells,0.319448009,0.311919281,0.151820934,0.003473724,0.007408728,0.087761456,0.17953248,0.608346904,0.250126454,0.249938049,0.040910885,0.748875007,0.184821969,0.501543484,0.086349447,0.313882151,0.166493008,0.187245081,0.040060352,0.013145258
CD8.T.cells,0.133507616,0.127617969,0.274942336,0.219634686,0.014097034,0.194609405,0.182292236,0.040090756,0.086865361,0.486140266,0.235741972,0.028673437,0.276533271,0.131367819,0.165897681,0.022330382,0.200959483,0.400727867,0.063834305,0.000946841
NK.cells,0.08975262,0.058325594,0.092364354,0.084598122,0.104794128,0.040017063,0.301535903,0.060004373,0.109350966,0.03992142,0.045320017,0.018544584,0.035039512,0.047389111,0.292134239,0.004869758,0.061033434,0.062996454,0.083158293,0.274925643
neutrophils,0.001672931,0.262116613,0.04628755,0.083016522,0.312953416,0.468644873,0.317500222,0.163181347,0.134273938,0.081845868,0.290022578,0.033997172,0.117053646,0.054226233,0.239692253,0.41955923,0.201909474,0.004624312,0.201718711,0.186830801
monocytic.lineage,0.426328573,0.233832215,0.405540753,0.436493364,0.048325972,0.109704224,0.006524408,0.084314154,0.283447782,0.032819226,0.083145691,0.080076206,0.329316408,0.238173001,0.129335048,0.00205989,0.364656649,0.154623558,0.208098887,0.236509979
