,mix0,mix1,mix2,mix3,mix4,mix5,mix6,mix7,mix8,mix9,mix10,mix11,mix12,mix13,mix14,mix15,mix16,mix17,mix18,mix19
B.cells,0.060565527,0.124000093,0.066205886,0.1071409,0.104585657,0.01995399,0.015654808,0.27800705,0.068646235,0.507419898,0.111232864,0.329415423,0.102554001,0.096258465,0.334992473,0.16254195,0.049133804,0.060734515,0.021971136,0.217511513
CD4.T.cells,0.025805287,0.380153273,0.079492862,0.378639102,0.050499524,0.458690977,0.197952243,0.1771358,0.041946943,0.139310562,0.018366475,0.015001304,0.001973611,0.11955831,0.178253443,0.195936942,0.07230523,0.239459042,0.37435945,0.203449505
endothelial.cells,0.14076622,0.093992409,0.393532337,0.120265134,0.000336375,0.08008907,0.273058307,0.066891894,0.391856154,0.061056583,0.066494184,0.064690884,0.092164871,0.363365527,0.121169896,0.002860577,0.249025603,0.194577379,0.025447251,0.079795068
fibroblasts,0.641367105,0.138484638,0.040140451,0.099850491,0.498054823,0.141262406,0.153750391,0.251511744,0.382009447,0.124325728,0.099640331,0.033631806,0.043022027,0.276104246,0.090771016,0.273211589,0.039274482,0.029069712,0.156440119,0.021357189
monocytic.lineage,0.036098113,0.058784045,0.137718753,0.163518977,0.015648286,0.095981768,0.257165939,0.140735711,0.00265548,0.076790643,0.093628527,0.322934263,0.201660106,0.036494086,0.052701366,0.119787899,0.06439955,0.310533275,0.031820617,0.449159415
neutrophils,0.095397748,0.204585541,0.282909711,0.130585396,0.330875335,0.204021788,0.102418311,0.085717801,0.112885742,0.091096587,0.610637619,0.234326319,0.558625384,0.108219366,0.222111805,0.245661044,0.525861331,0.165626078,0.389961428,0.02872731
