,B_cell,CD4_Tcell,CD8_Tcell,Neutrophil,Macrophage,Dendritic
TCGA-05-4244-01,0.090883654,0.124986563,0.178483814,0.113578076,0.046753762,0.413670874
TCGA-05-4249-01,0.155381444,0.097442928,0.189093635,0.097239008,0.038745808,0.46522059
TCGA-05-4250-01,0.058880997,0.13424259,0.247118456,0.131589368,0.065380774,0.429668115
TCGA-05-4382-01,0.137531471,0.112678457,0.144060366,0.091280307,0.111108221,0.626509876
TCGA-05-4384-01,0.049239594,0.121527046,0.19486657,0.089302921,0.120038282,0.369518623
